{
  "camera": {
    "width": 1024,
    "height": 1024,
    "fov": 25
  },
  "trajectory": {
    "0": [
      [
          1.0,
          0.0,
          0.0,
          0.0
      ],
      [
          -0.0,
          -1.629206849429422e-07,
          -0.9999999999999735,
          -1.0399999618530273
      ],
      [
          0.0,
          0.9999999999999734,
          -1.629206849429422e-07,
          1.5700000524520872
      ],
      [
          0.0,
          0.0,
          0.0,
          1.0
      ]
    ],
    "1": [
      [
          0.8660253599371125,
          2.185569603447625e-08,
          0.5000000432634918,
          0.6000000238418579
      ],
      [
          0.5000000432634927,
          -3.7855170774373023e-08,
          -0.8660253599371108,
          -0.8792304992675782
      ],
      [
          -2.170276254697212e-16,
          0.999999999999998,
          -4.371138980545861e-08,
          1.5700000524520872
      ],
      [
          0.0,
          0.0,
          0.0,
          1.0
      ]
    ],
    "2": [
      [
          0.9063077666914885,
          -0.07338680635630149,
          0.41619781517797805,
          0.49943730235099787
      ],
      [
          0.42261830221330204,
          0.15737851802257952,
          -0.8925389160522827,
          -0.9110467433929442
      ],
      [
          -1.530350210863327e-08,
          0.9848077852658195,
          0.17364798160786052,
          1.7783777713775633
      ],
      [
          0.0,
          0.0,
          0.0,
          1.0
      ]
    ],
    "3": [
      [
          0.7071067952288349,
          -0.1227878262050681,
          0.6963642482623681,
          0.835637092590332
      ],
      [
          0.7071067913474943,
          0.12278785398591605,
          -0.6963642433638538,
          -0.6756370663642883
      ],
      [
          -1.5564954070078794e-08,
          0.9848077609310356,
          0.17364821923365098,
          1.7783777713775635
      ],
      [
          0.0,
          0.0,
          0.0,
          1.0
      ]
    ],
    "4": [
      [
          0.7071067932881648,
          3.0908619601609045e-08,
          0.7071067932881635,
          0.8485281467437744
      ],
      [
          0.7071067932881648,
          -3.0908619601609045e-08,
          -0.7071067932881635,
          -0.6885281205177307
      ],
      [
          0.0,
          0.999999999999998,
          -4.371138987073239e-08,
          1.5700000524520872
      ],
      [
          0.0,
          0.0,
          0.0,
          1.0
      ]
    ],
    "5": [
      [
          0.7071067658792763,
          0.12278780134457513,
          0.6963642267848372,
          0.835637092590332
      ],
      [
          0.7071068206970527,
          -0.12278782912542338,
          -0.6963642218863242,
          -0.6756370663642883
      ],
      [
          2.2883677997017205e-08,
          0.9848077727040697,
          -0.17364818226779033,
          1.3616222143173216
      ],
      [
          0.0,
          0.0,
          0.0,
          1.0
      ]
    ],
    "6": [
      [
          0.7071067658792763,
          -0.12278780134457513,
          -0.6963642267848372,
          -0.835637092590332
      ],
      [
          -0.7071068206970527,
          -0.12278782912542338,
          -0.6963642218863242,
          -0.6756370663642883
      ],
      [
          -2.2883677997017205e-08,
          0.9848077727040697,
          -0.17364818226779033,
          1.3616222143173216
      ],
      [
          0.0,
          0.0,
          0.0,
          1.0
      ]
    ],
    "7": [
      [
          0.7071067932881648,
          -3.0908619601609045e-08,
          -0.7071067932881635,
          -0.8485281467437744
      ],
      [
          -0.7071067932881648,
          -3.0908619601609045e-08,
          -0.7071067932881635,
          -0.6885281205177307
      ],
      [
          0.0,
          0.999999999999998,
          -4.371138987073239e-08,
          1.5700000524520872
      ],
      [
          0.0,
          0.0,
          0.0,
          1.0
      ]
    ],
    "8": [
      [
          0.7071067952288349,
          0.1227878262050681,
          -0.6963642482623681,
          -0.835637092590332
      ],
      [
          -0.7071067913474943,
          0.12278785398591605,
          -0.6963642433638538,
          -0.6756370663642883
      ],
      [
          1.5564954070078794e-08,
          0.9848077609310356,
          0.17364821923365098,
          1.7783777713775635
      ],
      [
          0.0,
          0.0,
          0.0,
          1.0
      ]
    ],
    "9": [
      [
          0.9063077666914885,
          0.07338680635630149,
          -0.41619781517797805,
          -0.49943730235099787
      ],
      [
          -0.42261830221330204,
          0.15737851802257952,
          -0.8925389160522827,
          -0.9110467433929442
      ],
      [
          1.530350210863327e-08,
          0.9848077852658195,
          0.17364798160786052,
          1.7783777713775633
      ],
      [
          0.0,
          0.0,
          0.0,
          1.0
      ]
    ],
    "10": [
      [
          0.9063077773117281,
          -1.8473233012293986e-08,
          -0.42261830924044985,
          -0.5071418881416321
      ],
      [
          -0.42261830924045063,
          -3.961597116136328e-08,
          -0.9063077773117264,
          -0.9275693297386169
      ],
      [
          -1.1937436826852048e-16,
          0.999999999999998,
          -4.371139094023197e-08,
          1.5700000524520872
      ],
      [
          0.0,
          0.0,
          0.0,
          1.0
      ]
    ],
    "11": [
      [
          0.9063077867545993,
          -0.07338687990842375,
          -0.4161977049947066,
          -0.4994373023509979
      ],
      [
          -0.42261822077222166,
          -0.15737871845386975,
          -0.8925389274504321,
          -0.9110467433929443
      ],
      [
          -1.5357211234288957e-08,
          0.984807770850214,
          -0.1736481927815291,
          1.361622214317322
      ],
      [
          0.0,
          0.0,
          0.0,
          1.0
      ]
    ]

  }
}